<annotation>
	<folder>goat</folder>
	<filename>20190220_155800.jpg</filename>
	<path>C:\Users\romolo.rocchi\Desktop\goat\20190220_155800.jpg</path>
	<source>
		<database>Unknown</database>
	</source>
	<size>
		<width>640</width>
		<height>480</height>
		<depth>3</depth>
	</size>
	<segmented>0</segmented>
	<object>
		<name>goat</name>
		<pose>Unspecified</pose>
		<truncated>0</truncated>
		<difficult>0</difficult>
		<bndbox>
			<xmin>202</xmin>
			<ymin>180</ymin>
			<xmax>405</xmax>
			<ymax>308</ymax>
		</bndbox>
	</object>
	<object>
		<name>goat</name>
		<pose>Unspecified</pose>
		<truncated>0</truncated>
		<difficult>0</difficult>
		<bndbox>
			<xmin>165</xmin>
			<ymin>95</ymin>
			<xmax>271</xmax>
			<ymax>175</ymax>
		</bndbox>
	</object>
	<object>
		<name>goat</name>
		<pose>Unspecified</pose>
		<truncated>0</truncated>
		<difficult>0</difficult>
		<bndbox>
			<xmin>139</xmin>
			<ymin>88</ymin>
			<xmax>220</xmax>
			<ymax>147</ymax>
		</bndbox>
	</object>
</annotation>
