<annotation>
	<folder>goat</folder>
	<filename>20190220_155922_HDR.jpg</filename>
	<path>C:\Users\romolo.rocchi\Desktop\goat\20190220_155922_HDR.jpg</path>
	<source>
		<database>Unknown</database>
	</source>
	<size>
		<width>640</width>
		<height>480</height>
		<depth>3</depth>
	</size>
	<segmented>0</segmented>
	<object>
		<name>goat</name>
		<pose>Unspecified</pose>
		<truncated>0</truncated>
		<difficult>0</difficult>
		<bndbox>
			<xmin>35</xmin>
			<ymin>62</ymin>
			<xmax>271</xmax>
			<ymax>211</ymax>
		</bndbox>
	</object>
	<object>
		<name>goat</name>
		<pose>Unspecified</pose>
		<truncated>0</truncated>
		<difficult>0</difficult>
		<bndbox>
			<xmin>305</xmin>
			<ymin>122</ymin>
			<xmax>583</xmax>
			<ymax>332</ymax>
		</bndbox>
	</object>
	<object>
		<name>goat</name>
		<pose>Unspecified</pose>
		<truncated>1</truncated>
		<difficult>0</difficult>
		<bndbox>
			<xmin>536</xmin>
			<ymin>201</ymin>
			<xmax>639</xmax>
			<ymax>480</ymax>
		</bndbox>
	</object>
</annotation>
