<annotation>
	<folder>goat</folder>
	<filename>20190220_155820.jpg</filename>
	<path>C:\Users\romolo.rocchi\Desktop\goat\20190220_155820.jpg</path>
	<source>
		<database>Unknown</database>
	</source>
	<size>
		<width>640</width>
		<height>480</height>
		<depth>3</depth>
	</size>
	<segmented>0</segmented>
	<object>
		<name>goat</name>
		<pose>Unspecified</pose>
		<truncated>0</truncated>
		<difficult>0</difficult>
		<bndbox>
			<xmin>254</xmin>
			<ymin>111</ymin>
			<xmax>327</xmax>
			<ymax>177</ymax>
		</bndbox>
	</object>
	<object>
		<name>goat</name>
		<pose>Unspecified</pose>
		<truncated>0</truncated>
		<difficult>0</difficult>
		<bndbox>
			<xmin>323</xmin>
			<ymin>138</ymin>
			<xmax>389</xmax>
			<ymax>189</ymax>
		</bndbox>
	</object>
	<object>
		<name>goat</name>
		<pose>Unspecified</pose>
		<truncated>0</truncated>
		<difficult>0</difficult>
		<bndbox>
			<xmin>354</xmin>
			<ymin>118</ymin>
			<xmax>387</xmax>
			<ymax>144</ymax>
		</bndbox>
	</object>
</annotation>
