<annotation>
	<folder>goat</folder>
	<filename>20190220_155601.jpg</filename>
	<path>C:\Users\romolo.rocchi\Desktop\goat\20190220_155601.jpg</path>
	<source>
		<database>Unknown</database>
	</source>
	<size>
		<width>640</width>
		<height>480</height>
		<depth>3</depth>
	</size>
	<segmented>0</segmented>
	<object>
		<name>goat</name>
		<pose>Unspecified</pose>
		<truncated>0</truncated>
		<difficult>0</difficult>
		<bndbox>
			<xmin>334</xmin>
			<ymin>139</ymin>
			<xmax>480</xmax>
			<ymax>257</ymax>
		</bndbox>
	</object>
	<object>
		<name>goat</name>
		<pose>Unspecified</pose>
		<truncated>1</truncated>
		<difficult>0</difficult>
		<bndbox>
			<xmin>1</xmin>
			<ymin>204</ymin>
			<xmax>113</xmax>
			<ymax>320</ymax>
		</bndbox>
	</object>
</annotation>
