<annotation>
	<folder>goat</folder>
	<filename>20190220_155903.jpg</filename>
	<path>C:\Users\romolo.rocchi\Desktop\goat\20190220_155903.jpg</path>
	<source>
		<database>Unknown</database>
	</source>
	<size>
		<width>640</width>
		<height>480</height>
		<depth>3</depth>
	</size>
	<segmented>0</segmented>
	<object>
		<name>goat</name>
		<pose>Unspecified</pose>
		<truncated>0</truncated>
		<difficult>0</difficult>
		<bndbox>
			<xmin>135</xmin>
			<ymin>243</ymin>
			<xmax>297</xmax>
			<ymax>347</ymax>
		</bndbox>
	</object>
	<object>
		<name>goat</name>
		<pose>Unspecified</pose>
		<truncated>0</truncated>
		<difficult>0</difficult>
		<bndbox>
			<xmin>304</xmin>
			<ymin>229</ymin>
			<xmax>395</xmax>
			<ymax>307</ymax>
		</bndbox>
	</object>
	<object>
		<name>goat</name>
		<pose>Unspecified</pose>
		<truncated>0</truncated>
		<difficult>0</difficult>
		<bndbox>
			<xmin>471</xmin>
			<ymin>263</ymin>
			<xmax>611</xmax>
			<ymax>381</ymax>
		</bndbox>
	</object>
</annotation>
