<annotation>
	<folder>goat</folder>
	<filename>20190220_155540.jpg</filename>
	<path>C:\Users\romolo.rocchi\Desktop\goat\20190220_155540.jpg</path>
	<source>
		<database>Unknown</database>
	</source>
	<size>
		<width>640</width>
		<height>480</height>
		<depth>3</depth>
	</size>
	<segmented>0</segmented>
	<object>
		<name>goat</name>
		<pose>Unspecified</pose>
		<truncated>0</truncated>
		<difficult>0</difficult>
		<bndbox>
			<xmin>160</xmin>
			<ymin>112</ymin>
			<xmax>289</xmax>
			<ymax>217</ymax>
		</bndbox>
	</object>
	<object>
		<name>goat</name>
		<pose>Unspecified</pose>
		<truncated>0</truncated>
		<difficult>0</difficult>
		<bndbox>
			<xmin>437</xmin>
			<ymin>85</ymin>
			<xmax>536</xmax>
			<ymax>200</ymax>
		</bndbox>
	</object>
</annotation>
