<annotation>
	<folder>goat</folder>
	<filename>20190220_155807.jpg</filename>
	<path>C:\Users\romolo.rocchi\Desktop\goat\20190220_155807.jpg</path>
	<source>
		<database>Unknown</database>
	</source>
	<size>
		<width>640</width>
		<height>480</height>
		<depth>3</depth>
	</size>
	<segmented>0</segmented>
	<object>
		<name>goat</name>
		<pose>Unspecified</pose>
		<truncated>1</truncated>
		<difficult>0</difficult>
		<bndbox>
			<xmin>113</xmin>
			<ymin>233</ymin>
			<xmax>407</xmax>
			<ymax>480</ymax>
		</bndbox>
	</object>
	<object>
		<name>goat</name>
		<pose>Unspecified</pose>
		<truncated>0</truncated>
		<difficult>0</difficult>
		<bndbox>
			<xmin>102</xmin>
			<ymin>113</ymin>
			<xmax>233</xmax>
			<ymax>226</ymax>
		</bndbox>
	</object>
	<object>
		<name>goat</name>
		<pose>Unspecified</pose>
		<truncated>0</truncated>
		<difficult>0</difficult>
		<bndbox>
			<xmin>122</xmin>
			<ymin>56</ymin>
			<xmax>234</xmax>
			<ymax>137</ymax>
		</bndbox>
	</object>
</annotation>
