<annotation>
	<folder>goat</folder>
	<filename>20190220_155609.jpg</filename>
	<path>C:\Users\romolo.rocchi\Desktop\goat\20190220_155609.jpg</path>
	<source>
		<database>Unknown</database>
	</source>
	<size>
		<width>640</width>
		<height>480</height>
		<depth>3</depth>
	</size>
	<segmented>0</segmented>
	<object>
		<name>goat</name>
		<pose>Unspecified</pose>
		<truncated>1</truncated>
		<difficult>0</difficult>
		<bndbox>
			<xmin>1</xmin>
			<ymin>4</ymin>
			<xmax>342</xmax>
			<ymax>271</ymax>
		</bndbox>
	</object>
	<object>
		<name>goat</name>
		<pose>Unspecified</pose>
		<truncated>1</truncated>
		<difficult>0</difficult>
		<bndbox>
			<xmin>296</xmin>
			<ymin>185</ymin>
			<xmax>640</xmax>
			<ymax>442</ymax>
		</bndbox>
	</object>
</annotation>
