<annotation>
	<folder>goat</folder>
	<filename>20190220_155711.jpg</filename>
	<path>C:\Users\romolo.rocchi\Desktop\goat\20190220_155711.jpg</path>
	<source>
		<database>Unknown</database>
	</source>
	<size>
		<width>640</width>
		<height>480</height>
		<depth>3</depth>
	</size>
	<segmented>0</segmented>
	<object>
		<name>goat</name>
		<pose>Unspecified</pose>
		<truncated>0</truncated>
		<difficult>0</difficult>
		<bndbox>
			<xmin>299</xmin>
			<ymin>114</ymin>
			<xmax>343</xmax>
			<ymax>152</ymax>
		</bndbox>
	</object>
	<object>
		<name>goat</name>
		<pose>Unspecified</pose>
		<truncated>0</truncated>
		<difficult>0</difficult>
		<bndbox>
			<xmin>347</xmin>
			<ymin>132</ymin>
			<xmax>419</xmax>
			<ymax>182</ymax>
		</bndbox>
	</object>
</annotation>
