<annotation>
	<folder>goat</folder>
	<filename>20190220_155722.jpg</filename>
	<path>C:\Users\romolo.rocchi\Desktop\goat\20190220_155722.jpg</path>
	<source>
		<database>Unknown</database>
	</source>
	<size>
		<width>640</width>
		<height>480</height>
		<depth>3</depth>
	</size>
	<segmented>0</segmented>
	<object>
		<name>goat</name>
		<pose>Unspecified</pose>
		<truncated>0</truncated>
		<difficult>0</difficult>
		<bndbox>
			<xmin>232</xmin>
			<ymin>158</ymin>
			<xmax>314</xmax>
			<ymax>244</ymax>
		</bndbox>
	</object>
	<object>
		<name>goat</name>
		<pose>Unspecified</pose>
		<truncated>0</truncated>
		<difficult>0</difficult>
		<bndbox>
			<xmin>297</xmin>
			<ymin>197</ymin>
			<xmax>378</xmax>
			<ymax>285</ymax>
		</bndbox>
	</object>
</annotation>
