<annotation>
	<folder>goat</folder>
	<filename>20190220_155436.jpg</filename>
	<path>C:\Users\romolo.rocchi\Desktop\goat\20190220_155436.jpg</path>
	<source>
		<database>Unknown</database>
	</source>
	<size>
		<width>640</width>
		<height>480</height>
		<depth>3</depth>
	</size>
	<segmented>0</segmented>
	<object>
		<name>goat</name>
		<pose>Unspecified</pose>
		<truncated>0</truncated>
		<difficult>0</difficult>
		<bndbox>
			<xmin>255</xmin>
			<ymin>52</ymin>
			<xmax>423</xmax>
			<ymax>172</ymax>
		</bndbox>
	</object>
	<object>
		<name>goat</name>
		<pose>Unspecified</pose>
		<truncated>0</truncated>
		<difficult>0</difficult>
		<bndbox>
			<xmin>446</xmin>
			<ymin>77</ymin>
			<xmax>566</xmax>
			<ymax>183</ymax>
		</bndbox>
	</object>
</annotation>
